-- Inserção de dados na tabela Users

INSERT INTO users (pk_userid,name,phoneNumber) VALUES (1,'Leonard Carroll','809-902-4957');
INSERT INTO users (pk_userid,name,phoneNumber) VALUES (2,'Sybill C. Kane','797-156-7733');
INSERT INTO users (pk_userid,name,phoneNumber) VALUES (3,'Ryder Stanton','857-833-6279');
INSERT INTO users (pk_userid,name,phoneNumber) VALUES (4,'Owen Robbins','102-490-9669');
INSERT INTO users (pk_userid,name,phoneNumber) VALUES (5,'Tyrone D. Harvey','364-220-7833');
INSERT INTO users (pk_userid,name,phoneNumber) VALUES (6,'Tanek T. Noble','577-561-5445');
INSERT INTO users (pk_userid,name,phoneNumber) VALUES (7,'Tanek X. Bridges','817-736-8954');
INSERT INTO users (pk_userid,name,phoneNumber) VALUES (8,'Latifah Q. Erickson','500-413-5229');
INSERT INTO users (pk_userid,name,phoneNumber) VALUES (9,'Geoffrey Erickson','311-237-5037');
INSERT INTO users (pk_userid,name,phoneNumber) VALUES (10,'Galvin Hart','501-807-7965');
INSERT INTO users (pk_userid,name,phoneNumber) VALUES (11,'Nolan Cummings','931-805-0046');
INSERT INTO users (pk_userid,name,phoneNumber) VALUES (12,'Inga K. Gonzales','736-865-1874');
INSERT INTO users (pk_userid,name,phoneNumber) VALUES (13,'Orson Dale','997-968-1425');
INSERT INTO users (pk_userid,name,phoneNumber) VALUES (14,'Rahim Mcdowell','554-339-3873');
INSERT INTO users (pk_userid,name,phoneNumber) VALUES (15,'Louis Mcguire','725-145-0036');
INSERT INTO users (pk_userid,name,phoneNumber) VALUES (16,'Kyra Bell','627-635-5250');
INSERT INTO users (pk_userid,name,phoneNumber) VALUES (17,'Kylee U. Hebert','906-664-4111');
INSERT INTO users (pk_userid,name,phoneNumber) VALUES (18,'Cora Collins','308-345-2108');
INSERT INTO users (pk_userid,name,phoneNumber) VALUES (19,'Mara Murray','794-251-3294');
INSERT INTO users (pk_userid,name,phoneNumber) VALUES (20,'Blair N. Weeks','563-321-0004');
INSERT INTO users (pk_userid,name,phoneNumber) VALUES (21,'Walter Callahan','568-397-1819');
INSERT INTO users (pk_userid,name,phoneNumber) VALUES (22,'Brynne V. Hayes','181-495-6507');
INSERT INTO users (pk_userid,name,phoneNumber) VALUES (23,'Hedy U. Wise','499-991-2743');
INSERT INTO users (pk_userid,name,phoneNumber) VALUES (24,'Nevada Langley','619-882-8501');
INSERT INTO users (pk_userid,name,phoneNumber) VALUES (25,'Sasha Church','853-381-3371');
INSERT INTO users (pk_userid,name,phoneNumber) VALUES (26,'Tamekah Cantu','332-466-8999');
INSERT INTO users (pk_userid,name,phoneNumber) VALUES (27,'Regan R. Cook','280-150-3915');
INSERT INTO users (pk_userid,name,phoneNumber) VALUES (28,'Christian England','385-898-0420');
INSERT INTO users (pk_userid,name,phoneNumber) VALUES (29,'Kevyn P. Cox','768-396-9425');
INSERT INTO users (pk_userid,name,phoneNumber) VALUES (30,'Leah B. Franklin','853-688-0957');
INSERT INTO users (pk_userid,name,phoneNumber) VALUES (31,'Urielle Humphrey','926-331-0012');
INSERT INTO users (pk_userid,name,phoneNumber) VALUES (32,'Kendall Lane','661-911-8866');
INSERT INTO users (pk_userid,name,phoneNumber) VALUES (33,'Ezra Randolph','922-755-8559');
INSERT INTO users (pk_userid,name,phoneNumber) VALUES (34,'Ashton Maddox','523-845-2705');
INSERT INTO users (pk_userid,name,phoneNumber) VALUES (35,'Sopoline Spence','614-499-4578');
INSERT INTO users (pk_userid,name,phoneNumber) VALUES (36,'Justin Guerrero','516-139-5882');
INSERT INTO users (pk_userid,name,phoneNumber) VALUES (37,'Phoebe S. Wynn','264-976-8713');
INSERT INTO users (pk_userid,name,phoneNumber) VALUES (38,'Noble R. Flynn','501-240-1875');
INSERT INTO users (pk_userid,name,phoneNumber) VALUES (39,'Buffy S. Chandler','859-284-1514');
INSERT INTO users (pk_userid,name,phoneNumber) VALUES (40,'Finn Hood','183-267-5415');
INSERT INTO users (pk_userid,name,phoneNumber) VALUES (41,'Alea V. Brewer','482-150-4868');
INSERT INTO users (pk_userid,name,phoneNumber) VALUES (42,'Elvis M. Watkins','634-901-1779');
INSERT INTO users (pk_userid,name,phoneNumber) VALUES (43,'Shafira T. Frank','483-164-3378');
INSERT INTO users (pk_userid,name,phoneNumber) VALUES (44,'Beck C. Herman','738-418-4743');
INSERT INTO users (pk_userid,name,phoneNumber) VALUES (45,'Minerva V. William','539-390-0106');
INSERT INTO users (pk_userid,name,phoneNumber) VALUES (46,'Dahlia Walls','953-437-1177');
INSERT INTO users (pk_userid,name,phoneNumber) VALUES (47,'Travis Savage','640-362-9129');
INSERT INTO users (pk_userid,name,phoneNumber) VALUES (48,'Illana Gallegos','762-486-9320');
INSERT INTO users (pk_userid,name,phoneNumber) VALUES (49,'Sylvia N. Santos','375-164-3524');
INSERT INTO users (pk_userid,name,phoneNumber) VALUES (50,'Baxter O. May','346-460-2655');
INSERT INTO users (pk_userid,name,phoneNumber) VALUES (51,'Glenna Dalton','913-377-4551');
INSERT INTO users (pk_userid,name,phoneNumber) VALUES (52,'Tiger C. Nieves','693-911-2291');
INSERT INTO users (pk_userid,name,phoneNumber) VALUES (53,'Mona M. Hurley','238-367-9905');
INSERT INTO users (pk_userid,name,phoneNumber) VALUES (54,'Isadora Y. Durham','284-851-0165');
INSERT INTO users (pk_userid,name,phoneNumber) VALUES (55,'Ryder Osborn','721-853-4940');
INSERT INTO users (pk_userid,name,phoneNumber) VALUES (56,'Blaze B. Aguirre','916-218-1512');
INSERT INTO users (pk_userid,name,phoneNumber) VALUES (57,'Summer V. Frazier','879-742-3407');
INSERT INTO users (pk_userid,name,phoneNumber) VALUES (58,'Lynn J. Sullivan','340-319-3768');
INSERT INTO users (pk_userid,name,phoneNumber) VALUES (59,'Faith M. Wood','908-750-3533');
INSERT INTO users (pk_userid,name,phoneNumber) VALUES (60,'Jakeem Velazquez','801-187-8092');
INSERT INTO users (pk_userid,name,phoneNumber) VALUES (61,'Adria Fields','755-909-1768');
INSERT INTO users (pk_userid,name,phoneNumber) VALUES (62,'Colby Mathews','294-493-0304');
INSERT INTO users (pk_userid,name,phoneNumber) VALUES (63,'Graiden O. Graves','217-211-8998');
INSERT INTO users (pk_userid,name,phoneNumber) VALUES (64,'Reece U. Case','984-206-6405');
INSERT INTO users (pk_userid,name,phoneNumber) VALUES (65,'Calvin A. Wiley','134-482-7453');
INSERT INTO users (pk_userid,name,phoneNumber) VALUES (66,'Hanna T. Stevens','896-641-3132');
INSERT INTO users (pk_userid,name,phoneNumber) VALUES (67,'Dominic Fleming','833-252-1580');
INSERT INTO users (pk_userid,name,phoneNumber) VALUES (68,'Garrett Goodwin','618-577-5738');
INSERT INTO users (pk_userid,name,phoneNumber) VALUES (69,'Charissa Dillard','213-729-8239');
INSERT INTO users (pk_userid,name,phoneNumber) VALUES (70,'Laurel C. Morales','847-648-1831');
INSERT INTO users (pk_userid,name,phoneNumber) VALUES (71,'Cathleen W. Burnett','956-194-4659');
INSERT INTO users (pk_userid,name,phoneNumber) VALUES (72,'Genevieve Whitney','919-463-1871');
INSERT INTO users (pk_userid,name,phoneNumber) VALUES (73,'Iola Gonzales','593-480-8818');
INSERT INTO users (pk_userid,name,phoneNumber) VALUES (74,'Aline Hampton','193-284-2494');
INSERT INTO users (pk_userid,name,phoneNumber) VALUES (75,'Lucy Q. Andrews','593-876-6529');
INSERT INTO users (pk_userid,name,phoneNumber) VALUES (76,'Athena P. Gray','393-826-7570');
INSERT INTO users (pk_userid,name,phoneNumber) VALUES (77,'Violet S. Underwood','425-483-4304');
INSERT INTO users (pk_userid,name,phoneNumber) VALUES (78,'Lev Phillips','281-817-4060');
INSERT INTO users (pk_userid,name,phoneNumber) VALUES (79,'Deanna Z. Snider','444-315-3902');
INSERT INTO users (pk_userid,name,phoneNumber) VALUES (80,'Otto U. Frye','384-258-6411');
INSERT INTO users (pk_userid,name,phoneNumber) VALUES (81,'Tatiana Dickson','180-578-2636');
INSERT INTO users (pk_userid,name,phoneNumber) VALUES (82,'Cathleen R. Aguilar','577-690-7062');
INSERT INTO users (pk_userid,name,phoneNumber) VALUES (83,'Sylvester H. Wiley','914-931-6799');
INSERT INTO users (pk_userid,name,phoneNumber) VALUES (84,'Xander G. Thornton','871-337-1836');
INSERT INTO users (pk_userid,name,phoneNumber) VALUES (85,'Rooney Hunter','857-195-6423');
INSERT INTO users (pk_userid,name,phoneNumber) VALUES (86,'Theodore G. Macias','412-369-2301');
INSERT INTO users (pk_userid,name,phoneNumber) VALUES (87,'Britanney Boyer','493-286-6876');
INSERT INTO users (pk_userid,name,phoneNumber) VALUES (88,'Wang Harper','923-883-5069');
INSERT INTO users (pk_userid,name,phoneNumber) VALUES (89,'Benjamin V. Young','652-797-0120');
INSERT INTO users (pk_userid,name,phoneNumber) VALUES (90,'Gray Z. Conner','202-685-6363');
INSERT INTO users (pk_userid,name,phoneNumber) VALUES (91,'Amal Mccoy','419-663-7344');
INSERT INTO users (pk_userid,name,phoneNumber) VALUES (92,'Kyra G. Reed','990-385-6303');
INSERT INTO users (pk_userid,name,phoneNumber) VALUES (93,'Reuben Gilmore','749-575-5329');
INSERT INTO users (pk_userid,name,phoneNumber) VALUES (94,'Thomas G. Robles','231-847-0873');
INSERT INTO users (pk_userid,name,phoneNumber) VALUES (95,'Kylynn L. Hardin','606-903-9466');
INSERT INTO users (pk_userid,name,phoneNumber) VALUES (96,'Regina F. Larsen','338-386-8025');
INSERT INTO users (pk_userid,name,phoneNumber) VALUES (97,'Xantha U. Graham','146-582-9214');
INSERT INTO users (pk_userid,name,phoneNumber) VALUES (98,'Adara N. Leonard','902-263-9357');
INSERT INTO users (pk_userid,name,phoneNumber) VALUES (99,'Ashton V. Hubbard','320-269-9789');
INSERT INTO users (pk_userid,name,phoneNumber) VALUES (100,'Robert Lester','579-713-6386');

-- Tabela Buyer
INSERT INTO buyer VALUES (5);
INSERT INTO buyer VALUES (41);
INSERT INTO buyer VALUES (18);
INSERT INTO buyer VALUES (12);
INSERT INTO buyer VALUES (24);
INSERT INTO buyer VALUES (16);
INSERT INTO buyer VALUES (17);
INSERT INTO buyer VALUES (85);
INSERT INTO buyer VALUES (56);
INSERT INTO buyer VALUES (66);
INSERT INTO buyer VALUES (33);
INSERT INTO buyer VALUES (28);
INSERT INTO buyer VALUES (9);

-- Tabela Seller
Select * From seller;

INSERT INTO seller VALUES (1);
INSERT INTO seller VALUES (15);
INSERT INTO seller VALUES (30);
INSERT INTO seller VALUES (32);
INSERT INTO seller VALUES (61);
INSERT INTO seller VALUES (63);
INSERT INTO seller VALUES (10);
INSERT INTO seller VALUES (9);
INSERT INTO seller VALUES (4);
INSERT INTO seller VALUES (88);


-- Inserção de dados na tabela BankCard

INSERT INTO bankcard VALUES('4023 1231 3431 8623', '2039-9-10','CIBC');
INSERT INTO bankcard VALUES('5872 8293 3321 0123', '2020-5-14','BMO');
INSERT INTO bankcard VALUES('4902 9212 3402 8831', '2027-7-01','CIBC');
INSERT INTO bankcard VALUES('5782 7293 8472 0318', '2028-8-15','CIBC');
INSERT INTO bankcard VALUES('4509 4462 9302 0716', '2030-1-30','CIBC');
INSERT INTO bankcard VALUES('8473 9299 8492 7361', '2024-6-20','BMO');
INSERT INTO bankcard VALUES('4457 4992 7391 0219', '2025-8-30','BMO');
INSERT INTO bankcard VALUES('5728 8391 7362 5381', '2035-5-20','CIBC');
INSERT INTO bankcard VALUES('7283 8982 8361 5593', '2029-4-14','BMO');
INSERT INTO bankcard VALUES('9238 2749 5738 5921', '2027-8-01','CIBC');
INSERT INTO bankcard VALUES('2839 8219 3728 2933', '2031-5-20','CIBC');

-- Inserção de dados na tabela creditCard
show columns from creditcard;

INSERT INTO creditcard VALUES('4902 9212 3402 8831',5,'VISA');
INSERT INTO creditcard VALUES('4023 1231 3431 8623',18,'MASTER');
INSERT INTO creditcard VALUES('8473 9299 8492 7361',41,'VISA');
INSERT INTO creditcard VALUES('7283 8982 8361 5593',24,'VISA');
INSERT INTO creditcard VALUES('9238 2749 5738 5921',12,'MASTER');
INSERT INTO creditcard VALUES('2839 8219 3728 2933',9,'VISA');

-- Inserção de dados na tabela debitCard
-- alter table debitcard
-- drop organization;
INSERT INTO debitcard VALUES('5872 8293 3321 0123', 15);
INSERT INTO debitcard VALUES('5728 8391 7362 5381', 30);
INSERT INTO debitcard VALUES('4457 4992 7391 0219', 32);
INSERT INTO debitcard VALUES('5782 7293 8472 0318', 1);
INSERT INTO debitcard VALUES('4509 4462 9302 0716', 3);

-- Inserção de dados na tabela Store

INSERT INTO store VALUES(8,'Choby Collection','Quebec','Montreal','No.2012 Sanguinet',4,'2006-5-30');
INSERT INTO store VALUES(10,'BestBuy','British Columbia','Vancouver','No.20 ShineStreet',5,'2002-8-05');
INSERT INTO store VALUES(39,'CoolGuy','Quebec','Montreal','No.1023 St-Catherine',3,'2012-2-24');
INSERT INTO store VALUES(77,'Your Favorite','Ontario','Toronto','No.3022 Saint Denis',4,'2015-7-25');
INSERT INTO store VALUES(218,'American Eagle','Quebec','Quebec city','No.5 Berri Street',2,'2004-11-17');


INSERT INTO Brand VALUES('Asus');
INSERT INTO Brand VALUES('Bose');
INSERT INTO Brand VALUES('Canon');
INSERT INTO Brand VALUES('DELL');
INSERT INTO Brand VALUES('GoPro');
INSERT INTO Brand VALUES('Microsoft');

-- Tabela Service Point
ALTER TABLE ServicePoint
MODIFY COLUMN startTime varchar(8);

ALTER TABLE ServicePoint
MODIFY COLUMN endTime varchar(8);

SHOW COLUMNS FROM servicepoint;

INSERT INTO ServicePoint VALUES(27,'2045 Sanguinet Street','Montreal','Quebec','10:00 am','5:30 pm');
INSERT INTO ServicePoint VALUES(72,'37 Sherbrook Street','Montreal','Quebec','9:30 am','5:30 pm');
INSERT INTO ServicePoint VALUES(34,'45 St Denis Street','Montreal','Quebec','10:00 am','6:00 pm');
INSERT INTO ServicePoint VALUES(19,'1099 University street','Montreal','Quebec','10:00 am','5:30 pm');
INSERT INTO ServicePoint VALUES(9,'27 St Catherine Street','Quebec City','Quebec','10:00 am','5:30 pm');

-- Tabela Product
SELECT * FROM Product;

INSERT INTO Product VALUES(1,8,'Asus','ASUS Chromebook 11.6 laptop','laptop','C201PA-DS02','navy blue',10,262);
INSERT INTO Product VALUES(2,10,'Bose','Bose QuietComfort 35 wireless headphone','headphone','759944-0010','black',100,449);
INSERT INTO Product VALUES(3,39,'Canon','Canon EOS Rebel T5','cameras','9126B003','black',50,500);
INSERT INTO Product VALUES(4,77,'DELL','DELL Ultra HD 4k Monitor P2715Q 27-Inch Screen LED-Lit Monitor','computer accessories','P2715Q','black',40,713);
INSERT INTO Product VALUES(5,218,'GoPro','GoPro HERO5','cameras','CHDHX-501-CA','black',80,599);
INSERT INTO Product VALUES(6,218,'Microsoft','Microsoft Xbox 360 Wired Controller for Windows','controllers','52A-00004','black',60,35);
INSERT INTO Product VALUES(7,8,'Microsoft','Microsoft Sculpt Ergonomic Wireless Bluetrack Desktop Keyboard','computer accessories','L5V-00003','black',70,126);
INSERT INTO Product VALUES(8,8,'Microsoft','Microsoft Surface Pro 4 i5 (128GB) with Wireless Media Adapter','laptop','CR5-00001','black',30,1350);

-- Order Item
SELECT * FROM orderItem;

INSERT INTO orderItem VALUES(1,1,262,'2016-09-18');
INSERT INTO orderItem VALUES(2,2,449,'2014-03-22');
INSERT INTO orderItem VALUES(3,3,500,'2017-01-23');
INSERT INTO orderItem VALUES(4,4,713,'2017-01-23');
INSERT INTO orderItem VALUES(5,5,599,'2016-12-27');
INSERT INTO orderItem VALUES(6,6,35,'2015-05-30');
INSERT INTO orderItem VALUES(7,7,126,'2017-02-12');
INSERT INTO orderItem VALUES(8,8,1350,'2016-12-27');
INSERT INTO orderItem VALUES(9,1,262,'2015-02-13');
INSERT INTO orderItem VALUES(10,5,599,'2015-08-22');

-- Comments
ALTER TABLE Comments
MODIFY COLUMN creationTime DATE;

ALTER TABLE Comments
MODIFY COLUMN content varchar(1000);

INSERT INTO Comments VALUES('2017-02-21',5,1,4.3,'The laptop works amazingly. It holds a 10 hour charge, is compact to wander with, the brightness/volume features are perfect.');
INSERT INTO Comments VALUES('2016-09-18',5,2,4.6,'These headphones are worth the money, yes even the CAD price. They sound good and the noise cancellation is incredible.');
INSERT INTO Comments VALUES('2014-03-22',12,3,4.7,'Someone always has a better camera. That being said, this is an admirable performer with enough features for most.');
INSERT INTO Comments VALUES('2017-01-23',12,4,4.8,'This monitor is simply amazing. My eyes are not getting any younger and this makes everything very crisp and clear. I can definitely notice the improvement over a 2560X1440 display. I am ordering another one!');
INSERT INTO Comments VALUES('2016-12-27',18,5,4.3,'It is the first Go Pro I have had and so far I am loving it, the voice control is great for when you have your hands busy or can not reach the buttons. The apps for camera pairing and video editing are just great as well');
INSERT INTO Comments VALUES('2015-05-30',24,6,4.5,'Works flawlessly. After plugging it in, Windows automatically installed the drivers for it, and it was working in a matter of moments. It is an actual Xbox controller so it feels solid. This was definitely a purchase I would make again.');
INSERT INTO Comments VALUES('2017-02-12',41,7,4.3,'Overall good keyboard and mouse. However the moment your USB receiver dies, the whole thing goes in the garbage.');
INSERT INTO Comments VALUES('2016-12-27',41,8,3.8,'I love my surface. I got it a couple of weeks ago. I amm a life time mac user, but I consider myself quite tech savvy. I think this is a great device.');
INSERT INTO Comments VALUES('2015-05-30',12,2,4.3,'I have been using it for a week now. For a short conclusion, i love the headset.');
INSERT INTO Comments VALUES('2015-08-22',18,1,5,'This was definitely an impulse buy on my part but has turned out to be one of the best things I have ever invested in for school!');
INSERT INTO Comments VALUES('2015-08-22',24,5,5,'First go pro I have ever purchased. Really impressed with the quality and ease of use. The stabilizer is awesome, do not need to warp stabilize a ton in adobe.');

-- Save_to_Shopping_Cart
ALTER TABLE Save_to_Shopping_Cart
MODIFY COLUMN addTime DATE;

INSERT INTO Save_to_Shopping_Cart VALUES(5,1,'2017-02-21',1);
INSERT INTO Save_to_Shopping_Cart VALUES(5,2,'2016-09-18',1);
INSERT INTO Save_to_Shopping_Cart VALUES(18,3,'2014-03-22',2);
INSERT INTO Save_to_Shopping_Cart VALUES(12,4,'2017-01-23',1);
INSERT INTO Save_to_Shopping_Cart VALUES(24,5,'2016-12-27',2);
INSERT INTO Save_to_Shopping_Cart VALUES(41,6,'2015-05-30',1);
INSERT INTO Save_to_Shopping_Cart VALUES(9,7,'2016-02-19',4);
INSERT INTO Save_to_Shopping_Cart VALUES(18,8,'2012-01-20',1);

-- Tabela Manage
Select * FROM Manage;

INSERT INTO Manage VALUES(1,8,'2015-12-24');
INSERT INTO Manage VALUES(15,10,'2006-03-20');
INSERT INTO Manage VALUES(30,39,'2006-08-09');
INSERT INTO Manage VALUES(32,77,'2005-03-04');
INSERT INTO Manage VALUES(1,218,'2010-05-06');

-- After Sales

INSERT INTO After_Sales_Service_At VALUES('Asus',27);
INSERT INTO After_Sales_Service_At VALUES('Microsoft',27);
INSERT INTO After_Sales_Service_At VALUES('DELL',72);
INSERT INTO After_Sales_Service_At VALUES('Microsoft',34);
INSERT INTO After_Sales_Service_At VALUES('Bose',34);
INSERT INTO After_Sales_Service_At VALUES('Microsoft',19);
INSERT INTO After_Sales_Service_At VALUES('Canon',19);
INSERT INTO After_Sales_Service_At VALUES('Microsoft',9);
INSERT INTO After_Sales_Service_At VALUES('DELL',9);
INSERT INTO After_Sales_Service_At VALUES('GoPro',9);


INSERT INTO Orders VALUES(76023921,'Paid','2016-09-18',315);
INSERT INTO Orders VALUES(23924831,'Paid','2014-03-22',174);
INSERT INTO Orders VALUES(87291231,'Unpaid','2017-01-23',102);
INSERT INTO Orders VALUES(58293123,'Unpaid','2016-12-27',928);
INSERT INTO Orders VALUES(12992012,'Paid','2015-05-30',203);
INSERT INTO Orders VALUES(59203012,'Paid','2017-02-12',87);
INSERT INTO Orders VALUES(91027482,'Unpaid','2016-12-27',187);
INSERT INTO Orders VALUES(72839301,'Unpaid','2015-02-13',293);
INSERT INTO Orders VALUES(93042135,'Paid','2015-08-22',52);
INSERT INTO Orders VALUES(74892932,'UnPaid','2016-02-19',77);
INSERT INTO Orders VALUES(83921201,'Paid','2017-01-03',301);
INSERT INTO Orders VALUES(73919231,'Paid','2014-02-11',20);
INSERT INTO Orders VALUES(84821231,'Paid','2014-11-02',18);


INSERT INTO Contain VALUES(76023921,1,1);
INSERT INTO Contain VALUES(76023921,2,2);
INSERT INTO Contain VALUES(23924831,3,1);
INSERT INTO Contain VALUES(87291231,4,2);
INSERT INTO Contain VALUES(58293123,5,1);
INSERT INTO Contain VALUES(12992012,6,1);
INSERT INTO Contain VALUES(12992012,7,1);
INSERT INTO Contain VALUES(59203012,8,1);
INSERT INTO Contain VALUES(91027482,9,1);
INSERT INTO Contain VALUES(72839301,10,1);
INSERT INTO Contain VALUES(93042135,1,1);
INSERT INTO Contain VALUES(93042135,2,1);
INSERT INTO Contain VALUES(93042135,3,1);
INSERT INTO Contain VALUES(82921201,4,4); -- **** Esta ordem de compra não existe
INSERT INTO Contain VALUES(84821231,5,3);
INSERT INTO Contain VALUES(73919231,6,2);
INSERT INTO Contain VALUES(83921201,7,5);

INSERT INTO deliver_to VALUES(39,87291231,'2017-02-17');
INSERT INTO deliver_to VALUES(1,12992012,'2015-6-10');
INSERT INTO deliver_to VALUES(7,76023921,'2015-10-04');
INSERT INTO deliver_to VALUES(12,59203012,'2017-02-20');
INSERT INTO deliver_to VALUES(14,93042135,'2015-09-08');

INSERT INTO Payment VALUES(23924831,'4902 9212 3402 8831','2016-08-23');
INSERT INTO Payment VALUES(87291231,'4023 1231 3431 8623','2016-08-07');
INSERT INTO Payment VALUES(58293123,'8473 9299 8492 7361','2016-09-07');
INSERT INTO Payment VALUES(12992012,'7283 8982 8361 5593','2015-02-23');
INSERT INTO Payment VALUES(59203012,'9238 2749 5738 5921','2013-09-07');
INSERT INTO Payment VALUES(91027482,'4902 9212 3402 8831','2017-02-01');
INSERT INTO Payment VALUES(72839301,'4902 9212 3402 8831','2016-10-23');
INSERT INTO Payment VALUES(93042135,'4023 1231 3431 8623','2016-10-07');
INSERT INTO Payment VALUES(91027482,'7283 8982 8361 5593','2017-02-01');
INSERT INTO Payment VALUES(84821231,'9238 2749 5738 5921','2017-01-23');
INSERT INTO Payment VALUES(73919231,'9238 2749 5738 5921','2016-10-23');
INSERT INTO Payment VALUES(83921201,'9238 2749 5738 5921','2017-02-01');